Time,PM10,PM25,PM100
1707350396.535277,1,1
1707350396.535277,0,0
1707350396.535277,0,0
1707350396.535277,0,0
1707350396.535277,1,1
